<heros>
    <hero>
        <hName>Batman</hName>
        <hPhoto>images/batman.jpg</hPhoto>
        <hPhone>123-123-123</hPhone>
        <hDetails>
            Lorem ipsum dolor sit amet, consectetur adipisicing elit. Sapiente aliquam placeat id numquam dicta dolores nobis ut repudiandae officiis asperiores debitis natus repellendus obcaecati optio et. Harum cupiditate sapiente cumque.
        </hDetails>
    </hero>
    <hero>
        <hName>Superman</hName>
        <hPhoto>images/superman.jpg</hPhoto>
        <hPhone>123-123-123</hPhone>
        <hDetails>
            Lorem ipsum dolor sit amet, consectetur adipisicing elit. Sapiente aliquam placeat id numquam dicta dolores nobis ut repudiandae officiis asperiores debitis natus repellendus obcaecati optio et. Harum cupiditate sapiente cumque.
        </hDetails>
    </hero>
    <hero>
        <hName>Ironman</hName>
        <hPhoto>images/ironman.jpg</hPhoto>
        <hPhone>123-123-123</hPhone>
        <hDetails>
            Lorem ipsum dolor sit amet, consectetur adipisicing elit. Sapiente aliquam placeat id numquam dicta dolores nobis ut repudiandae officiis asperiores debitis natus repellendus obcaecati optio et. Harum cupiditate sapiente cumque.
        </hDetails>
    </hero>
    <hero>
        <hName>Phantom</hName>
        <hPhoto>images/phantom.jpg</hPhoto>
        <hPhone>123-123-123</hPhone>
        <hDetails>
            Lorem ipsum dolor sit amet, consectetur adipisicing elit. Sapiente aliquam placeat id numquam dicta dolores nobis ut repudiandae officiis asperiores debitis natus repellendus obcaecati optio et. Harum cupiditate sapiente cumque.
        </hDetails>
    </hero>
    <hero>
        <hName>Rajani</hName>
        <hPhoto>images/rajani.jpg</hPhoto>
        <hPhone>123-123-123</hPhone>
        <hDetails> 
            Lorem ipsum dolor sit amet, consectetur adipisicing elit. Sapiente aliquam placeat id numquam dicta dolores nobis ut repudiandae officiis asperiores debitis natus repellendus obcaecati optio et. Harum cupiditate sapiente cumque.
        </hDetails>
    </hero>
    <hero>
        <hName>Robin</hName>
        <hPhoto>images/robin.jpg</hPhoto>
        <hPhone>123-123-123</hPhone>
        <hDetails>
            Lorem ipsum dolor sit amet, consectetur adipisicing elit. Sapiente aliquam placeat id numquam dicta dolores nobis ut repudiandae officiis asperiores debitis natus repellendus obcaecati optio et. Harum cupiditate sapiente cumque.
        </hDetails>
    </hero>
    <hero>
        <hName>Spiderman</hName>
        <hPhoto>images/spiderman.jpg</hPhoto>
        <hPhone>123-123-123</hPhone>
        <hDetails>
            Lorem ipsum dolor sit amet, consectetur adipisicing elit. Sapiente aliquam placeat id numquam dicta dolores nobis ut repudiandae officiis asperiores debitis natus repellendus obcaecati optio et. Harum cupiditate sapiente cumque.
        </hDetails>
    </hero>
</heros>
